[{"code":"5301","name":"昆明市"},{"code":"5303","name":"曲靖市"},{"code":"5304","name":"玉溪市"},{"code":"5305","name":"保山市"},{"code":"5306","name":"昭通市"},{"code":"5307","name":"丽江市"},{"code":"5308","name":"普洱市"},{"code":"5309","name":"临沧市"},{"code":"5323","name":"楚雄彝族自治州"},{"code":"5325","name":"红河哈尼族彝族自治州"},{"code":"5326","name":"文山壮族苗族自治州"},{"code":"5328","name":"西双版纳傣族自治州"},{"code":"5329","name":"大理白族自治州"},{"code":"5331","name":"德宏傣族景颇族自治州"},{"code":"5333","name":"怒江傈僳族自治州"},{"code":"5334","name":"迪庆藏族自治州"}]